{"cameraMode":{"drawMode":0,"name":"Shaded","section":"Shading Mode"},"sceneLighting":true,"audioPlay":false,"sceneViewState":{"m_AlwaysRefresh":false,"showFog":true,"showSkybox":true,"showFlares":true,"showImageEffects":true,"showParticleSystems":true,"showVisualEffectGraphs":true,"m_FxEnabled":true},"in2DMode":false,"pivot":{"x":14.790626525878907,"y":0.42261743545532229,"z":24.688554763793947},"rotation":{"x":0.2538495361804962,"y":0.22803747653961183,"z":-0.06171673163771629,"w":0.937953531742096},"size":6.201638221740723,"orthographic":false}