{"cameraMode":{"drawMode":0,"name":"Shaded","section":"Shading Mode"},"sceneLighting":true,"audioPlay":false,"sceneViewState":{"m_AlwaysRefresh":false,"showFog":true,"showSkybox":true,"showFlares":true,"showImageEffects":true,"showParticleSystems":true,"showVisualEffectGraphs":true,"m_FxEnabled":true},"in2DMode":false,"pivot":{"x":14.790626525878907,"y":0.42261743545532229,"z":24.688554763793947},"rotation":{"x":0.27712374925613406,"y":-0.008652021177113057,"z":0.0024952522944658996,"w":0.9607952833175659},"size":6.201638221740723,"orthographic":false}