{"cameraMode":{"drawMode":0,"name":"Shaded","section":"Shading Mode"},"sceneLighting":true,"audioPlay":false,"sceneViewState":{"m_AlwaysRefresh":false,"showFog":true,"showSkybox":true,"showFlares":true,"showImageEffects":true,"showParticleSystems":true,"showVisualEffectGraphs":true,"m_FxEnabled":true},"in2DMode":false,"pivot":{"x":21.163835525512697,"y":1.1343379020690919,"z":51.049339294433597},"rotation":{"x":-0.28678369522094729,"y":0.6430773735046387,"z":-0.28334325551986697,"w":-0.6512549519538879},"size":7.268787384033203,"orthographic":false}