{"cameraMode":{"drawMode":0,"name":"Shaded","section":"Shading Mode"},"sceneLighting":true,"audioPlay":false,"sceneViewState":{"m_AlwaysRefresh":false,"showFog":true,"showSkybox":true,"showFlares":true,"showImageEffects":true,"showParticleSystems":true,"showVisualEffectGraphs":true,"m_FxEnabled":true},"in2DMode":false,"pivot":{"x":16.182510375976564,"y":-0.8319644927978516,"z":24.359485626220704},"rotation":{"x":0.25824663043022158,"y":0.4602121412754059,"z":-0.14192473888397218,"w":0.8375063538551331},"size":9.598822593688965,"orthographic":false}