{"cameraMode":{"drawMode":0,"name":"Shaded","section":"Shading Mode"},"sceneLighting":true,"audioPlay":false,"sceneViewState":{"m_AlwaysRefresh":false,"showFog":true,"showSkybox":true,"showFlares":true,"showImageEffects":true,"showParticleSystems":true,"showVisualEffectGraphs":true,"m_FxEnabled":true},"in2DMode":false,"pivot":{"x":18.273799896240236,"y":1.0760948657989503,"z":26.034046173095704},"rotation":{"x":0.12747237086296082,"y":0.13405841588974,"z":-0.017390700057148935,"w":0.9825924038887024},"size":3.5592739582061769,"orthographic":false}