{"cameraMode":{"drawMode":0,"name":"Shaded","section":"Shading Mode"},"sceneLighting":true,"audioPlay":false,"sceneViewState":{"m_AlwaysRefresh":false,"showFog":true,"showSkybox":true,"showFlares":true,"showImageEffects":true,"showParticleSystems":true,"showVisualEffectGraphs":true,"m_FxEnabled":true},"in2DMode":false,"pivot":{"x":11.258953094482422,"y":-0.04400646686553955,"z":24.639705657958986},"rotation":{"x":0.11892206966876984,"y":0.8603499531745911,"z":-0.23423336446285249,"w":0.43681296706199648},"size":2.207754373550415,"orthographic":false}