{"cameraMode":{"drawMode":0,"name":"Shaded","section":"Shading Mode"},"sceneLighting":true,"audioPlay":false,"sceneViewState":{"m_AlwaysRefresh":false,"showFog":true,"showSkybox":true,"showFlares":true,"showImageEffects":true,"showParticleSystems":true,"showVisualEffectGraphs":true,"m_FxEnabled":true},"in2DMode":false,"pivot":{"x":17.08283805847168,"y":0.543839693069458,"z":26.02301788330078},"rotation":{"x":0.057511791586875918,"y":0.7278668880462647,"z":-0.06151210889220238,"w":0.6805309653282166},"size":1.9055120944976807,"orthographic":false}